Juan;Moreno Rodríguez;juanmorenorodriguez@gmail.com;671232345;Española;45678945R;1974/12/4;2
Ana;García López;anagarcia@gmail.com;671232346;Española;45678946S;1980/05/12;3
Luis;Martínez Pérez;luismp@gmail.com;671232347;Española;45678947T;1990/07/23;1
María;Sánchez Gómez;mariasg@gmail.com;671232348;Española;45678948U;1985/11/30;4
Carlos;Fernández Ruiz;carlosfr@gmail.com;671232349;Española;45678949V;1978/03/15;2
Elena;Díaz Martínez;elenadm@gmail.com;671232350;Española;45678950W;1992/09/18;3
